Category,Description
Challenges,User Diversity - Varying user preferences and behaviors make one-size-fits-all automation ineffective.
Challenges,Energy Efficiency - Fixed schedules may lead to energy wastage if they fail to adapt to dynamic conditions.
Challenges,"System Interoperability - Devices from different manufacturers often lack seamless integration, limiting automation potential."
Data Analysis Inputs,Temporal Trends - Identifying peak energy usage hours to optimize scheduling.
Data Analysis Inputs,Behavioral Patterns - Analyzing appliance usage frequency to align with user habits.
Data Analysis Inputs,Energy Consumption Metrics - Evaluating device-level consumption to develop optimization strategies.
Methodology,Data Analysis and Pattern Recognition - Leveraging insights from temporal and behavioral trends.
Methodology,Rule-Based Modeling - Designing conditional logic-based rules for adaptive control.
Methodology,Machine Learning Integration - Using predictive models to enhance automation decisions.
Methodology,Simulation and Validation - Testing automation rules in simulated environments to assess effectiveness.
